,id,name,year_established,country,description,url,image,has_trading_incentive,trust_score,trust_score_rank,trade_volume_24h_btc,trade_volume_24h_btc_normalized
0,binance,Binance,2017.0,Cayman Islands,,https://www.binance.com/,https://assets.coingecko.com/markets/images/52/small/binance.jpg?1519353250,False,10,1,514521.4767112321,514521.4767112321
1,huobi,Huobi Global,2013.0,Seychelles,,https://www.huobi.com,https://assets.coingecko.com/markets/images/25/small/1481589873352_.pic_hd.jpg?1589962155,False,10,2,125498.04976141984,125498.04976141984
2,gdax,Coinbase Exchange,2012.0,United States,,https://www.coinbase.com,https://assets.coingecko.com/markets/images/23/small/Coinbase_Coin_Primary.png?1621471875,False,10,3,70937.38146143359,70937.38146143359
3,ftx_spot,FTX,2019.0,Antigua and Barbuda,,https://ftx.com/,https://assets.coingecko.com/markets/images/451/small/F.png?1609051590,False,10,4,35055.44400674531,35055.44400674531
4,kraken,Kraken,2011.0,United States,,https://r.kraken.com/Q1m9x,https://assets.coingecko.com/markets/images/29/small/kraken.jpg?1584251255,False,10,5,23158.588398864114,23158.588398864114
5,binance_us,Binance US,2019.0,United States,,https://www.binance.us/en,https://assets.coingecko.com/markets/images/469/small/Binance.png?1568875842,False,10,6,21284.267834586055,21284.267834586055
6,crypto_com,Crypto.com Exchange,2019.0,Cayman Islands,"Crypto.com Exchange is the best place to trade crypto, with deep liquidity, low fees and best execution prices, users can trade major cryptocurrencies like Bitcoin, Ethereum, and many more and receive great CRO-powered rewards",https://crypto.com/exchange,https://assets.coingecko.com/markets/images/589/small/crypto_com.jpg?1602499898,False,10,7,19211.83095896256,19211.83095896256
7,bitfinex,Bitfinex,2014.0,British Virgin Islands,,https://www.bitfinex.com,https://assets.coingecko.com/markets/images/4/small/BItfinex.png?1615895883,False,10,8,18471.335590580726,18471.335590580726
8,gate,Gate.io,,Hong Kong,,https://gate.io/,https://assets.coingecko.com/markets/images/60/small/gateio.jpg?1519793974,False,10,9,15323.985751653794,15323.985751653794
9,gemini,Gemini,2014.0,United States,,https://gemini.sjv.io/bZ49k,https://assets.coingecko.com/markets/images/50/small/gemini.png?1605704107,False,10,10,3763.3147874716656,3763.3147874716656
10,bittrex,Bittrex,2014.0,United States,,https://bittrex.com/,https://assets.coingecko.com/markets/images/10/small/BG-color-250x250_icon.png?1596167574,False,10,11,3164.7993761174166,3164.7993761174166
11,okex,OKEx,2013.0,Belize,,https://www.okex.com,https://assets.coingecko.com/markets/images/96/small/okEX.jpg?1519349636,False,9,12,129524.69992295522,129524.69992295522
12,kucoin,KuCoin,2014.0,Seychelles,,https://www.kucoin.com/,https://assets.coingecko.com/markets/images/61/small/kucoin.jpg?1591610627,False,9,13,37340.92966417101,37340.92966417101
13,bigone,BigONE,2017.0,Seychelles,,https://bigone.com,https://assets.coingecko.com/markets/images/100/small/qcFFufEY_400x400.jpg?1561103345,False,9,14,13921.167661184974,13921.167661184974
14,bitstamp,Bitstamp,2013.0,United Kingdom,,https://www.bitstamp.net/,https://assets.coingecko.com/markets/images/9/small/bitstamp.jpg?1519627979,False,9,15,11443.107117517571,11443.107117517571
15,mxc,MEXC Global,2018.0,,"Established in April 2018, MEXC Global is one of the world’s leading digital-asset trading platforms. The core team comes from world-class enterprises and financial companies with rich experience in blockchain and financial industries.",https://www.mexc.com/,https://assets.coingecko.com/markets/images/409/small/WeChat_Image_20210622160936.png?1624349423,False,9,16,11300.343914751436,11300.343914751436
16,bibox,Bibox,2017.0,China,,https://www.bibox.com/,https://assets.coingecko.com/markets/images/114/small/bibox.jpg?1520752603,False,9,17,9730.199796011211,9730.199796011211
17,btcturk,BtcTurk PRO,2013.0,Turkey,,https://pro.btcturk.com/,https://assets.coingecko.com/markets/images/223/small/BTCTurk-exchange.jpg?1536726120,False,9,18,9127.66514506338,9127.66514506338
18,bitbank,Bitbank,2016.0,Japan,,https://bitbank.cc/,https://assets.coingecko.com/markets/images/122/small/bitbank.jpg?1521186278,False,9,19,6026.1074809048,6026.1074809048
19,bithumb_global,Bithumb Global,2019.0,Seychelles,,https://bithumb.pro/,https://assets.coingecko.com/markets/images/405/small/bithumbglobal.jpg?1599652253,False,9,20,4934.012761605646,4934.012761605646
20,bitmax,AscendEX (BitMax),2018.0,Singapore,"AscendEX (formerly BitMax) is a leading global digital asset financial platform founded by a group of Wall Street quantitative trading veterans in 2018, building on core value of “Efficiency, Resilience and Transparency.” 
 
Driven by its continuous innovative product development and early-mover advantage in strategic alignment with the leading projects from DeFi ecosystem, AscendEX offers trading services across over 200 trading pairs across cash, margin, and futures products, in particular margin trading of over 50 tokens in cross-asset collateral mode and futures trading in both cross-asset and isolated margin modes.",https://ascendex.com/en/global-digital-asset-platform,https://assets.coingecko.com/markets/images/277/small/AscendEX.png?1616471675,False,9,21,3656.6351513579275,3656.6351513579275
21,bitkub,Bitkub,2018.0,Thailand,,https://www.bitkub.com,https://assets.coingecko.com/markets/images/249/small/bitkub.png?1537180687,False,9,22,3401.217566010495,3401.217566010495
22,currency,Currency.com,2019.0,Gibraltar,"Currency.com is the world’s first regulated tokenised securities exchange enabling anyone with crypto and fiat to trade financial assets from the world’s biggest companies with up to 500x leverage. 
 
Currency.com enables crypto holders to make the most of your investment by offering access to more than 1300 tokenised securities of the most traded global financial assets – all without putting your crypto holdings under price pressure or converting to fiat"" to the following one ""Currency.com enables crypto holders to make the most of your investment by offering access to more than 2000+ tokenised securities of the most traded global financial assets – all without putting your crypto holdings under price pressure or converting to fiat
 
With Currency.com you can:
- Do more with less with up to 500x leverage (or buy and sell assets of your choice);
- Manage your risk with sell at loss, guaranteed sell at loss, take profit orders;
- Elevate your trading strategy with access to over 75 technical indicators;
- Fund your account and withdraw via card, bank transfer or crypto wallet;
- Step ahead of the pack with instant price alerts;
- Never lose more than you put in with negative balance protection;
- Trade confidently with a regulated platform and dedicated human support;
- See where you stand with personalised trading reports.
 
Currency.com offers you a new generation financial app for both crypto and fiat. The free mobile platform is designed to buy and sell cryptos with fiat money, store holdings in a secure place and make cross-crypto exchanges. Competitive quotes are coupled with trusted regulatory standards to give users the best possible financial experience.
 
Currency.com – an exchange where crypto meets Wall St.",https://currency.com/,https://assets.coingecko.com/markets/images/512/small/Currency.com_200x200.png?1582086630,False,9,23,2786.3201398374867,2786.3201398374867
23,b2bx,B2BX,2017.0,Estonia,,https://www.b2bx.exchange/,https://assets.coingecko.com/markets/images/226/small/b2bx.jpg?1534242273,False,9,24,802.9381909423173,791.3354002815838
24,bitso,Bitso,2014.0,Mexico,,https://bitso.com,https://assets.coingecko.com/markets/images/8/small/Bitso-icon-dark.png?1581909156,False,9,25,302.8003181925042,302.8003181925042
25,nice_hash,NiceHash,,Slovenia,,https://www.nicehash.com,https://assets.coingecko.com/markets/images/546/small/nicehash.png?1594379914,False,9,26,43.36225575153714,43.36225575153714
26,bitrue,Bitrue,2018.0,Singapore,,https://www.bitrue.com/,https://assets.coingecko.com/markets/images/254/small/bitrue-exchange.jpg?1537878894,False,8,27,81276.76030680811,81276.76030680811
27,digifinex,Digifinex,2018.0,Seychelles,,https://www.digifinex.com/,https://assets.coingecko.com/markets/images/225/small/DF_logo.png?1594264355,False,8,28,40829.463343740455,40829.463343740455
28,zb,ZB,2017.0,China,,https://www.zb.land/en/,https://assets.coingecko.com/markets/images/115/small/zb.jpg?1519996151,False,8,29,39656.94902426731,39656.94902426731
29,lbank,LBank,2017.0,China,"Founded in October 2016, LBank is a centralized digital asset trading platform for international users. It aims to provide professional asset management solutions. At present, LBank offers hundreds of digital currency pairs. LBank also claims to have one of the highest staking rewards on any exchange.

LBank's claims that its core team comes from the traditional financial industry, IT, and top 500 universities. The team aims to build the most professional integrated service platform for digital assets while ensuring security.",https://www.lbank.info/,https://assets.coingecko.com/markets/images/118/small/LBank%E5%9C%86%E6%A0%87.png?1572923264,False,8,30,34052.46810231548,34052.46810231548
30,bithumb,Bithumb,2014.0,South Korea,,https://www.bithumb.com/,https://assets.coingecko.com/markets/images/6/small/bithumb_BI.png?1573104549,False,8,31,32940.540142566744,32940.540142566744
31,coinsbit,Coinsbit,,Estonia,,https://coinsbit.io/,https://assets.coingecko.com/markets/images/267/small/Coinsbit.png?1605153697,False,8,32,30325.146084196265,30325.146084196265
32,bitmart,BitMart,2017.0,Cayman Islands,,https://www.bitmart.com/en,https://assets.coingecko.com/markets/images/239/small/Bitmart.png?1628066397,False,8,33,30012.812125352164,30012.812125352164
33,p2pb2b,P2PB2B,2018.0,Estonia,"P2PB2B Exchange is not just a cryptocurrency exchange platform but also a trusted partner for crypto projects. Our Crypto Startup Partner initiative provides trading consulting and helps our clients develop their community, support liquidity, create growth strategies.

P2PB2B runs token sales of the promising crypto assets, enabling users to easily invest in new currencies. There are also available services for users such as the earning deposit program, regular gamification events - airdrop, trading competitions, referral program games.

The platform is compliant with OWASP TOP 10 security requirements and is recognized as the world's 12th most Trust Core secure crypto exchanges according to CER rating.

P2PB2B utilizes the high processing speed with the ability to handle up to 10,000 trades per second, scaling to 1,000,000 TCP connections. Our KYC identity verification process leverages AI-powered technology which speeds up the authentication process. 24/7 live support is an essential advantage for users.",https://p2pb2b.io,https://assets.coingecko.com/markets/images/251/small/p2pb2b.jpg?1536307348,False,8,34,25683.82626364976,25683.82626364976
34,biki,BiKi,2018.0,Singapore,"BiKi is a centralized cryptocurrency exchange located in Singapore. There are 470 coins and 515 trading pairs on the exchange. BiKi volume in the last 24 hours is reported to be at ₿20,541.23. The most active trading pair on BiKi exchange is ETH/USDT. BiKi is established in year 2018.

More information about BiKi exchange can be found at https://www.biki.cc/register?inviteCode=WWAETAA. ",https://www.biki.cc/,https://assets.coingecko.com/markets/images/384/small/BiKi_icon.png?1573632986,False,8,35,22433.921983561348,22433.921983561348
35,bitget,Bitget,2018.0,Singapore,,https://www.bitget.com/,https://assets.coingecko.com/markets/images/540/small/bitget-logo-1.png?1591831975,False,8,36,13090.610352901818,13090.610352901818
36,cointiger,CoinTiger,2017.0,Singapore,,https://www.cointiger.com/,https://assets.coingecko.com/markets/images/204/small/cointiger.png?1588935091,False,8,37,9965.834835642356,9965.834835642356
37,bitflyer,bitFlyer,2014.0,Japan,,https://bitflyereuropesa.pxf.io/c/2223866/858437/11990,https://assets.coingecko.com/markets/images/5/small/bitflyer.jpg?1519611556,False,8,38,6237.401627428797,6237.401627428797
38,latoken,LATOKEN,2017.0,Cayman Islands,,https://latoken.com/,https://assets.coingecko.com/markets/images/124/small/LA_token.png?1605773251,False,8,39,5509.984242424689,5509.984242424689
39,dextrade,Dex-Trade,2019.0,United Kingdom,"Dex-Trade is young but the most technical equiped crypto exchange, it offers traders easy-to-use interface and transactions safity. Since 2018, Dex-Trade team has the most fully range of security measures and security risk control measures in the industry. Dex-Trade welcomes global users and continues to expands digital currency in various countries to provide users with global trading opportunities. High-quality currencies are listed on Dex-Trade to offer traders comprehensive range of digital assets. By your side 24 hours a day, our support team will assist you with any issue or question you may have.",https://dex-trade.com/,https://assets.coingecko.com/markets/images/380/small/Dex-Trade_logo_new.png?1599629803,False,8,40,4871.8761096041335,4871.8761096041335
40,poloniex,Poloniex,2014.0,Seychelles,,https://poloniex.com/,https://assets.coingecko.com/markets/images/37/small/poloniex.jpg?1519639007,False,8,41,3629.9959368635346,3629.9959368635346
41,ftx_us,FTX.US,2020.0,United States,,https://ftx.us/,https://assets.coingecko.com/markets/images/532/small/FTX-US.jpg?1609051756,False,8,42,3064.376768269345,3064.376768269345
42,btse,BTSE,2018.0,United Arab Emirates,"BTSE is your Bitcoin futures exchange to trade with confidence and ease.

BTSE‘s mission is to make institutional-grade security and stability available to every crypto trader.

BTSE’s platform is built to facilitate reliable 24/7 trading. It uses an extremely powerful matching engine that eliminates the risk of system overloads, as well as horizontal scaling which enables BTSE to do hot upgrades with zero downtime. BTSE’s insurance fund, strict security protocols, and self-hosted servers allow for the highest level of security for our traders.",https://www.btse.com/,https://assets.coingecko.com/markets/images/464/small/BTSE.jpg?1568012415,False,8,43,2571.7786830018395,2571.7786830018395
43,indodax,Indodax,2014.0,Indonesia,,https://indodax.com,https://assets.coingecko.com/markets/images/3/small/logogram-Indodax-new-_JPG_format.jpg?1580974378,False,8,44,1616.455438791089,1616.455438791089
44,cex,CEX.IO,2013.0,United Kingdom,,https://cex.io/,https://assets.coingecko.com/markets/images/56/small/main-icon.png?1617267530,False,8,45,1431.9376416534678,1431.9376416534678
45,max_maicoin,Max Maicoin,,Taiwan,,https://max.maicoin.com,https://assets.coingecko.com/markets/images/218/small/max.jpg?1533888641,False,8,46,429.5667909002905,429.5667909002905
46,bitopro,BitoPro,2018.0,Taiwan,,https://www.bitopro.com/,https://assets.coingecko.com/markets/images/358/small/bitopro_coingecko_250x250_%281%29.png?1575884378,False,8,47,227.94299019703053,227.94299019703053
47,coin_metro,CoinMetro,2018.0,Estonia,,https://coinmetro.com/,https://assets.coingecko.com/markets/images/386/small/blue.png?1609256554,False,8,48,32.13904580576193,32.13904580576193
48,upbit,Upbit,2017.0,South Korea,,https://upbit.com,https://assets.coingecko.com/markets/images/117/small/upbit.png?1520388800,False,7,49,151744.45299040785,151744.45299040785
49,bitcoin_com,Bitcoin.com Exchange,2019.0,Bahamas,"The mission of Bitcoin.com Exchange is to empower people from all over the world to trade cryptocurrencies with ease and confidence, from first-time traders to advanced trading professionals. With high liquidity, 24/7 multilingual support and dozens of trading pairs, complemented with a high level of security, we offer an attractive platform for trading any cryptocurrency. Within one year since launch, on average, our exchange has been visited by more than 500K active traders per month, and this number continues to grow as you read this sentence. 

Key Features:

- Enjoy more than 130 available trading pairs
- Cutting-edge matching engine technologies
- Up 5x and 10x leverage for more than 29 markets
- Deep liquidity
- User-friendly trading terminal
- Tight spreads
- Consistent trading competitions and giveaways",https://exchange.bitcoin.com/,https://assets.coingecko.com/markets/images/467/small/logomark.png?1568799194,False,7,50,92053.06875336649,42537.195548503834
50,bkex,BKEX,2018.0,British Virgin Islands,,https://www.bkex.com/,https://assets.coingecko.com/markets/images/293/small/logo.png?1588125944,False,7,51,40020.49627048469,40020.49627048469
51,whitebit,WhiteBIT,2018.0,Estonia,,https://whitebit.com,https://assets.coingecko.com/markets/images/418/small/wb_3_avatar-02.png?1611212424,False,7,52,33516.11697246693,33516.11697246693
52,paribu,Paribu,,Turkey,,https://www.paribu.com/,https://assets.coingecko.com/markets/images/136/small/paribu.jpg?1527734779,,7,53,11468.293772517576,11468.293772517576
53,coinone,Coinone,2016.0,South Korea,,https://coinone.co.kr/,https://assets.coingecko.com/markets/images/20/small/coinone_circle_500x500.png?1606460853,False,7,54,10136.242652311397,10136.242652311397
54,hotbit,Hotbit,,Estonia,"Founded in 2018 and holding Estonian MTR licence, American MSB licence, an Australian AUSTRAC licence and a Canadian MSB licence，HotBit cryptocurrency exchange is known as a cryptocurrency trading platofrm that continues to develop and integrate various forms of businesses such as spot trading, financial derivatives, cryptocurrency investment and DAPP into one platform. Currently, Hotbit’s businesses covers more than 210 countries and areas. Based on its globalized and unified strategies, HotBit continues to focus on world's emerging markets such as Russia, Turkey and southeastern Asia markets, and was ranked one of the top 3 most welcomed exchanges by Russian media in 2019.",https://www.hotbit.io/,https://assets.coingecko.com/markets/images/201/small/hotbit.jpg?1531043195,False,7,55,9949.78108795077,9949.78108795077
55,bitforex,Bitforex,2018.0,Seychelles,,https://www.bitforex.com/,https://assets.coingecko.com/markets/images/214/small/BitForex-Logo.png?1573808227,False,7,56,9499.929454747398,9499.929454747398
56,coinflex,CoinFLEX,2019.0,Seychelles,,https://coinflex.com/,https://assets.coingecko.com/markets/images/446/small/CoinFlex.png?1579227306,False,7,57,20707.55263742353,9349.86755293306
57,finexbox,FinexBox,2018.0,Hong Kong,,https://www.finexbox.com/,https://assets.coingecko.com/markets/images/318/small/finexbox20190920.jpg?1568959220,False,7,58,4788.406633858365,4788.406633858365
58,probit,ProBit Global,2017.0,Seychelles,,https://www.probit.com/,https://assets.coingecko.com/markets/images/370/small/probit.png?1594886584,False,7,59,3859.853382220742,3859.853382220742
59,wazirx,WazirX,2018.0,India,,https://wazirx.com/,https://assets.coingecko.com/markets/images/274/small/wazirx.jpg?1540450020,False,7,60,3464.3600536114545,3464.3600536114545
60,coincheck,Coincheck,2014.0,Japan,,https://coincheck.com/,https://assets.coingecko.com/markets/images/18/small/Coincheck.jpg?1519703836,,7,61,2789.030867031621,2789.030867031621
61,tokenize,Tokenize,2018.0,Singapore,,https://tokenize.exchange/,https://assets.coingecko.com/markets/images/383/small/tokenize-exchange.png?1586138532,False,7,62,1777.325479923172,1777.325479923172
62,luno,Luno,2013.0,Singapore,,https://www.luno.com,https://assets.coingecko.com/markets/images/33/small/luno.jpg?1519996997,False,7,63,1188.9046876598031,1188.9046876598031
63,exrates,Exrates,2016.0,Estonia,"Exrates is a centralized cryptocurrency exchange that has official Estonian license, and was founded in 2016.

Exrates has about 200 coins listed on it's platform with average daily trading volumes up to $80,000,000.

Exrates's platform was recently upgraded with a new unique design and enhanced functionality. In addition to that, Exrates now has an IEO launchpad - X-Platform. It also has Analytical Department which publishes trading signals on a daily basis along with an opportunity to open a fiat bank account with 24 fiat currencies. 

Further information about Exrates exchange can be found at https://exrates.me/dashboard.
",https://exrates.me,https://assets.coingecko.com/markets/images/187/small/Cover_Exrates_Logo_.png?1560831775,False,7,64,1021.7221199853799,1021.7221199853799
64,nominex,Nominex,2019.0,Seychelles,"New trading platform for convenient trading experience with low fees and numerous instruments. 

Absolutely unique affiliate program that allows to earn from an infinite number of referral levels, compared to 2-3 levels at all other exchanges. 

A unique model for the free 2 phases distribution of the native NMX token.

Advanced Trading Instruments – using Stop, Stop Limit, Trailing Stop, Scaled and other types of orders brings some kind of trading automation without the need to develop a trading bot, which allows to easily get more profit while trading.",https://www.nominex.io,https://assets.coingecko.com/markets/images/530/small/logo-200x200.png?1587543672,False,7,65,790.7062493433596,790.7062493433596
65,bitbns,BitBNS,2017.0,Estonia,,https://ref.bitbns.com/,https://assets.coingecko.com/markets/images/541/small/HS7eNJdt_400x400.jpg?1592294824,False,7,66,768.6621008750511,768.6621008750511
66,okcoin,Okcoin,2013.0,United States,"About OKCoin:
OKCoin is one of the largest and most trusted fiat-to-crypto trading platforms in the world. Founded in 2013, OKCoin offers advanced features for crypto beginners and high-volume traders alike, enabling users in 184 countries worldwide to exchange US dollars and the euro for Bitcoin, Tethers, USDK, Bitcoin Cash, Ethereum, Ethereum Classic, Decred, EOS, Litecoin, XRP, Cardano, 0x, Stellar, Zcash, TRX, and other digital assets. As a registered Money Services Business (MSB) with the Financial Crimes Enforcement Network (FinCEN) and a Virtual Financial Asset Act (VFAA) exchange with a transitory provision permissioned by the Malta Financial Services Authority, OKCoin is on a mission to make digital assets accessible to the world while complying with the highest of regulatory standards. For more information, visit www.okcoin.com. ",https://www.okcoin.com/,https://assets.coingecko.com/markets/images/415/small/okcoin_Logomark_SatoshiBlack.png?1619574335,False,7,67,742.0893094414733,742.0893094414733
67,korbit,Korbit,2013.0,South Korea,,https://www.korbit.co.kr/,https://assets.coingecko.com/markets/images/28/small/korbit-logo.png?1584091827,False,7,68,724.498325531925,724.498325531925
68,etorox,eToroX,2019.0,Gibraltar,"eToroX is eToro’s professional crypto exchange. Designed exclusively for the corporate and institutional-grade crypto trading community, the eToroX exchange is a highly effective, trusted and secure crypto trading solution, which is licensed and regulated by the Gibraltar Financial Services Commission under the Investments and Financial Fiduciary Services Act (licence number FSC1333B). eToroX currently has more than 30 digital assets, including 17 tokenized fiat and commodity stablecoins, and more than 100 trading pairs.",https://www.etorox.com/,https://assets.coingecko.com/markets/images/503/small/eToroX_Logo_400x400.jpg?1580209571,False,7,69,654.2059820200091,654.2059820200091
69,cryptology,Cryptology,2018.0,Estonia,,https://cryptology.com/,https://assets.coingecko.com/markets/images/287/small/cryptology.png?1541390904,False,7,70,607.3368518860917,521.4420690643346
70,blockchain_com,Blockchain.com,2012.0,United Kingdom,,https://www.blockchain.com/,https://assets.coingecko.com/markets/images/613/small/unnamedddd.png?1610503741,False,7,71,515.3867993172969,515.3867993172969
71,btcmarkets,BTCMarkets,,Australia,,https://www.btcmarkets.net/,https://assets.coingecko.com/markets/images/237/small/btcmarkets-exchange.jpg?1536726060,False,7,72,343.9390370630109,343.9390370630109
72,independent_reserve,Independent Reserve,2013.0,Australia,,https://www.independentreserve.com/,https://assets.coingecko.com/markets/images/389/small/x_V5Jquo_400x400.png?1556071437,False,7,73,240.41529369496507,240.41529369496507
73,mercado_bitcoin,Mercado Bitcoin,2016.0,Brazil,,https://www.mercadobitcoin.com.br/,https://assets.coingecko.com/markets/images/34/small/icon-256.png?1621420503,False,7,74,221.0002988740389,221.0002988740389
74,zaif,Zaif,2015.0,Japan,,https://zaif.jp/,https://assets.coingecko.com/markets/images/99/small/zaif.png?1519627467,,7,75,212.63120540331417,212.63120540331417
75,kuna,Kuna Exchange,,United Kingdom,,https://kuna.io/,https://assets.coingecko.com/markets/images/97/small/kuna_exchange.png?1545126178,False,7,76,35.21330520837508,35.21330520837508
76,therocktrading,TheRockTrading,2011.0,Italy,,https://therocktrading.com/,https://assets.coingecko.com/markets/images/42/small/rocktrading.png?1551110313,False,7,77,20.243759794161196,20.243759794161196
77,hitbtc,HitBTC,2013.0,,"HitBTC is the world’s most advanced cryptocurrency exchange. Since 2013, HitBTC has been providing markets for Bitcoin, Ethereum, Litecoin, Dogecoin, Monero, USDT, and more than 300 cryptocurrencies in total.

Created by outstanding technical minds, high-level finance professionals and experienced traders, HitBTC delivers the most reliable, fast and powerful platform solution on the market.

The platform has earned its reputation for fault-tolerance, flawless uptime and high availability. Its core matching engine is among the best technological products in its class, offering traders a wide range of features such as real-time clearing and cutting-edge order matching algorithms.

Key Features:
Rebate system - attractive to the most powerful market makers, creating high liquidity
No limits on the deposit or withdrawal of digital assets
Cutting-edge matching engine technologies
Wide range of available instruments (more than 500)
The most advanced API on the market (REST API and FIX API)
Access to the crypto assets exchange platform technology under the registered trademark “HitBTC” is provided in accordance with the Terms of Service.",https://hitbtc.com/,https://assets.coingecko.com/markets/images/24/small/hitbtc.png?1603975458,False,6,78,101651.18771717127,101651.18771717127
78,uniswap,Uniswap (v3),2018.0,,,https://app.uniswap.org/#/swap,https://assets.coingecko.com/markets/images/665/small/uniswap-v3.png?1620241698,False,6,79,23278.55234241594,23278.55234241594
79,xt,XT.COM,2018.0,Seychelles,,https://www.xt.com/,https://assets.coingecko.com/markets/images/404/small/logo400x400.png?1575881839,False,6,80,17697.0937976545,17697.0937976545
80,hoo,Hoo.com,2019.0,Cayman Islands,"Hoo.com is a world’s leading blockchain assets service platform, aiming to provide safe and reliable assets management and blockchain services to users worldwide. ",https://www.hoo.com,https://assets.coingecko.com/markets/images/526/small/Hoo_Logo2.jpg?1602237762,False,6,81,16035.524018804708,16035.524018804708
81,flybit,Flybit,2018.0,South Korea,,https://flybit.com,https://assets.coingecko.com/markets/images/655/small/flybit_logo_%EA%B0%80%EB%A1%9C%ED%98%95.png?1619148627,True,6,82,10751.678670520114,10751.678670520114
82,pancakeswap,PancakeSwap (v2),2020.0,,,https://pancakeswap.finance,https://assets.coingecko.com/markets/images/657/small/pancakeswap.png?1619272176,False,6,83,9577.304793566607,9577.304793566607
83,bw,BW.com,2017.0,,,https://www.bw.com/,https://assets.coingecko.com/markets/images/326/small/bw.com.jpg?1548664400,False,6,84,8786.009458739336,8786.009458739336
84,oceanex,Oceanex,2018.0,Cayman Islands,,https://oceanex.pro,https://assets.coingecko.com/markets/images/341/small/Oceanex.png?1548153658,False,6,85,8384.879134081659,8384.879134081659
85,btc_alpha,BTC-Alpha,2016.0,,,https://btc-alpha.com/,https://assets.coingecko.com/markets/images/155/small/btc_alpha.jpg?1526356352,False,6,86,7131.125430826782,7131.125430826782
86,uniswap_v2,Uniswap (v2),2018.0,,,https://app.uniswap.org/#/swap?use=V2,https://assets.coingecko.com/markets/images/535/small/256x256_Black-1.png?1590893262,False,6,87,7049.552348664889,7049.552348664889
87,goku,GokuMarket,2019.0,Hong Kong,"Launched on 20/11/2019, GokuMarket is a centralized exchange and crypto utility provider. It supports crypto trading/crypto purchase with card/cash-out with debit card/staking/autobots/e-commerce/freelancers/travel bookings/IEOs, all accessible on web & mobile Android/iOS App.",https://gokumarket.com,https://assets.coingecko.com/markets/images/590/small/GokuMarket-Logo-200-200-1.png?1601890565,False,6,88,6043.009366936886,6043.009366936886
88,phemex,Phemex,2019.0,Singapore,,https://phemex.com/,https://assets.coingecko.com/markets/images/564/small/phemex_logo.jpg?1596681293,False,6,89,5846.979538351454,5846.979538351454
89,sushiswap,Sushiswap,2020.0,,,https://app.sushi.com/swap,https://assets.coingecko.com/markets/images/576/small/2048x2048_Logo.png?1609208464,False,6,90,5643.097485881549,5643.097485881549
90,changelly,Changelly PRO,2020.0,Seychelles,"Launched on 06/07/2020, Changelly PRO is a centralized exchange located at 306 Victoria House, Victoria Mahe, Seychelles. It is a professional version of the instant swap platform Changelly. Changelly PRO aims to serve the fast growing Changelly community that has been requesting professional trading features as well as foster the onboarding of beginners to advanced trading. The PRO version has spot and margin trading as well as fiat on-ramp solution.
PRO offers:
• Multi-currency wallet to store a variety of coins
• Interactive and customizable terminal
• Access to 50+ markets
• Competitive trading fees starting from 0.1% both for makers and takers
• Lowest withdrawal fees on the most popular coins and tokens such as BTC, ETH, XRP
• Simple registration process with several verification levels",https://pro.changelly.com/,https://assets.coingecko.com/markets/images/580/small/pro_logo_cmc.png?1600833621,False,6,91,94250.76062835341,5001.359629082681
91,wootrade,Wootrade,2019.0,,"Wootrade aims to solve the pain points of shallow liquidity, high fees, and poor trading environments on the cryptocurrency market by offering sufficient trading depth for B2B clients such as exchanges, wallets, and trading institutions with zero fees. The Wootrade network has already been online for nearly one year and is providing service to more than 10 exchanges and trading institutions, including Gate.io, Hoo.com, MXC, Oneboat Capital, Genesis Block, and more. A total of over 65,000 end users have used its trading depth through the exchanges cooperating with Wootrade. Wootrade’s incubator, Kronos Research, has an established track record and processes up to $5 billion per day in trade volume.",https://woo.network,https://assets.coingecko.com/markets/images/683/small/wootrade.jpg?1624621149,False,6,92,4934.040276385273,4934.040276385273
92,exmarkets,ExMarkets,2018.0,British Virgin Islands,,https://exmarkets.com,https://assets.coingecko.com/markets/images/363/small/42200149_2115011248752220_3911078373144657920_n.jpg?1551247813,False,6,93,4544.639311810649,4544.639311810649
93,coinex,CoinEx,2017.0,United Kingdom,,https://www.coinex.com/,https://assets.coingecko.com/markets/images/135/small/coinex.jpg?1527737297,False,6,94,3467.1300639171573,3467.1300639171573
94,quoine,Liquid,2014.0,Japan,,https://liquid.com,https://assets.coingecko.com/markets/images/40/small/liquid.png?1536133472,False,6,95,3328.137916113867,3328.137916113867
95,catex,Catex,2018.0,China,,https://www.catex.io/,https://assets.coingecko.com/markets/images/354/small/catex.png?1550735332,False,6,96,3123.8533138259013,3123.8533138259013
96,vcc,VCC Exchange,2019.0,Vietnam,"Launched on May 19, 2019, VCC Exchange is an exchange based in Singapore, operates in Vietnam. It has worked with the government in few initiatives including Dialogue on blockchain-based applications’ legal framework (https://bit.ly/32SJVl2) and Vietnam Blockchain Startup (https://bit.ly/341Iv7Q).

VCC supports trading crypto-crypto, VND-crypto in web, iOS and Android applications. VCC Exchange is backed by Signum Capital and Axiom Associates Capital. It currently supports trading fee of 0%.",https://vcc.exchange,https://assets.coingecko.com/markets/images/500/small/VCC_Logo_200x200.jpg?1576147069,False,6,97,5746.0306688819655,2450.7417548114504
97,decoin,Decoin,2017.0,Estonia,"Founded in 2017, Decoin is an exchange designed by the crypto community for the crypto community. Our mission is to provide a maximum-security exchange that has an easy-to-use interface for novice users, and advanced trading features for industry veterans. Decoin’s ecosystem also includes a profit-sharing coin called DTEP, which is powered by an independent blockchain using a PoS consensus algorithm. We are led by an experienced team of fintech experts, financial professionals, and experienced traders.",https://www.decoin.io,https://assets.coingecko.com/markets/images/479/small/decoin.jpg?1578456566,False,6,98,2106.2887365507927,2106.2887365507927
98,coindeal,Coindeal,2018.0,Malta,"CoinDeal is one of the fastest-growing crypto-fiat exchanges in Europe.

The company is located in Malta and is subject to Maltese regulations.
On 25 November this year, a managerial delegation from CoinDeal went to Malta to meet with the Malta Financial Services Authority (MFSA). This is the next stage that leads the exchange to receive the Maltese VFA license. 
Read more HERE. CoinDeal meets the requirements of the VFA Class 4 and all its activities are legal. 
Its credibility is confirmed by its entry into the American market, which involved meeting a number of legal requirements. Thanks to Coindeal's compliance with all these requirements, it is now available in 13 states. You can read more HERE.

WHAT DO WE OFFER
We are one of the largest exchanges in Europe with more than 40 cryptocurrencies pairs in our offer, including the most popular ones such as Ethereum, Bitcoin or Litecoin and FIAT currencies: Euro (EUR), Dollar (USD), British pound (GBP), Polish zloty (PLN), Swiss franc (CHF)
We always want to provide our users with the opportunity to actively participate in the development of CoinDeal, so by voting for new cryptocurrency users can decide which of them will be added to the exchange. 

CDL TOKEN
CoinDeal exchange created its own Token to give it for free to its users. It was the first Token in the world to be distributed free of charge to so many people. It was as many as 87 549 users of the Coindeal exchange! 45 000 000 000 Tokens were distributed, which is 90% of all created Tokens. When the market opened for CDL, which took place on November 12, 2019, the value of all Tokens was 1 129 382 USD (382 BTC)! In the beginning, CDL is available together with BTC. The pairs planned for the near future are CDL/EUR and CDL/USDT. Additionally, the exchange offers many benefits from having CDL Tokens on your account. Among other things, it is a 0% fee and you can read about it on the official Token website.

SECURITY
Our platform has the highest SSL standard security integrated with Cloudflare functionality. User accounts are protected by a multi-level 2FA verification. For the withdrawal of funds, it is necessary to have an email confirmation, which is also required when using the platform with new IP addresses. 90% of user funds are stored on cold wallets protected by Multisignature.

OUR TEAM
Kajetan Maćkowiak and Adam Bicz  are the main managers of CoinDeal.

Adam has built his long-standing experience in the IT and blockchain sector in the international arena. As the chief programmer at CoinDeal, he is the leader of the team responsible for the development and security of the exchange. Adam operates not only within the BlockchainHouse brand but is also the creator of the BuyCoinNow and Paycoiner payment gateway. 

Kajetan has been involved in co-creating blockchain technology projects for years. His professional experience allows him to effectively develop his business and manage his marketing activities. He created an international umbrella brand, which is BlockchainHouse. He is a co-creator of global brands such as Paycoiner and BuyCoinNow. 
",https://coindeal.com/,https://assets.coingecko.com/markets/images/313/small/2ZP5JaIL_400x400.jpg?1541109266,False,6,99,1970.5200737503733,1970.5200737503733
99,gmo_japan,GMO Japan,,Japan,,https://coin.z.com/jp/,https://assets.coingecko.com/markets/images/430/small/gmo_z_com.png?1561112572,False,6,100,1752.8128316543093,1752.8128316543093
